Linear,FreqDis,ERB,Log
0.405780239172673,0.370046445242526,0.394902580154425,0.680685436258288
0.437599646209389,0.356315629733278,0.357480924962379,0.532849585468043
0,0,0,0
