Linear,FreqDis,ERB,Log
0.407765336494229,0.38340652589291,0.38303688332927,0.687458398645202
0.429854606579438,0.359516332092454,0.362224023439084,0.555883573457232
0,0,0,0
